casact/chainladder-python,Mon Oct 09 2017 00:15:42 GMT-0700 (Pacific Daylight Time),1
casact/chainladder-python,Thu Sep 27 2018 20:31:36 GMT-0700 (Pacific Daylight Time),9
casact/chainladder-python,Tue Jun 11 2019 01:50:51 GMT-0700 (Pacific Daylight Time),17
casact/chainladder-python,Sat Jan 25 2020 15:33:28 GMT-0800 (Pacific Standard Time),25
casact/chainladder-python,Fri Apr 24 2020 06:26:04 GMT-0700 (Pacific Daylight Time),33
casact/chainladder-python,Mon Jul 13 2020 22:36:41 GMT-0700 (Pacific Daylight Time),41
casact/chainladder-python,Thu Sep 17 2020 04:04:50 GMT-0700 (Pacific Daylight Time),49
casact/chainladder-python,Sat Jan 30 2021 11:29:55 GMT-0800 (Pacific Standard Time),57
casact/chainladder-python,Tue Apr 13 2021 04:39:58 GMT-0700 (Pacific Daylight Time),65
casact/chainladder-python,Thu Jun 17 2021 06:19:00 GMT-0700 (Pacific Daylight Time),73
casact/chainladder-python,Mon Nov 01 2021 12:03:23 GMT-0700 (Pacific Daylight Time),81
casact/chainladder-python,Sat Dec 25 2021 18:39:47 GMT-0800 (Pacific Standard Time),89
casact/chainladder-python,Thu Mar 10 2022 09:50:37 GMT-0800 (Pacific Standard Time),97
casact/chainladder-python,Sun Jun 05 2022 22:43:51 GMT-0700 (Pacific Daylight Time),105
casact/chainladder-python,Wed Jul 27 2022 06:14:14 GMT-0700 (Pacific Daylight Time),113
casact/chainladder-python,Sat Jul 30 2022 07:44:13 GMT-0700 (Pacific Daylight Time),121
casact/chainladder-python,Fri Jan 13 2023 00:33:24 GMT-0800 (Pacific Standard Time),129
casact/chainladder-python,Mon Apr 03 2023 09:40:56 GMT-0700 (Pacific Daylight Time),133
lifelib-dev/lifelib,Thu Mar 01 2018 21:21:43 GMT-0800 (Pacific Standard Time),1
lifelib-dev/lifelib,Tue Aug 28 2018 22:54:53 GMT-0700 (Pacific Daylight Time),8
lifelib-dev/lifelib,Mon Mar 04 2019 09:44:14 GMT-0800 (Pacific Standard Time),15
lifelib-dev/lifelib,Thu Aug 15 2019 00:03:58 GMT-0700 (Pacific Daylight Time),22
lifelib-dev/lifelib,Fri Nov 29 2019 06:55:13 GMT-0800 (Pacific Standard Time),29
lifelib-dev/lifelib,Fri Apr 24 2020 06:25:48 GMT-0700 (Pacific Daylight Time),36
lifelib-dev/lifelib,Wed Jul 22 2020 06:18:20 GMT-0700 (Pacific Daylight Time),43
lifelib-dev/lifelib,Wed Jan 27 2021 01:29:12 GMT-0800 (Pacific Standard Time),50
lifelib-dev/lifelib,Tue May 04 2021 21:44:42 GMT-0700 (Pacific Daylight Time),57
lifelib-dev/lifelib,Sat Oct 02 2021 19:23:53 GMT-0700 (Pacific Daylight Time),64
lifelib-dev/lifelib,Mon Jan 10 2022 19:48:55 GMT-0800 (Pacific Standard Time),71
lifelib-dev/lifelib,Fri May 06 2022 02:51:27 GMT-0700 (Pacific Daylight Time),78
lifelib-dev/lifelib,Sat Jul 23 2022 19:29:04 GMT-0700 (Pacific Daylight Time),85
lifelib-dev/lifelib,Thu Sep 15 2022 13:33:50 GMT-0700 (Pacific Daylight Time),92
lifelib-dev/lifelib,Tue Nov 29 2022 01:33:51 GMT-0800 (Pacific Standard Time),99
lifelib-dev/lifelib,Mon Apr 03 2023 09:40:57 GMT-0700 (Pacific Daylight Time),106
mages/ChainLadder,Wed Jan 07 2015 10:15:00 GMT-0800 (Pacific Standard Time),1
mages/ChainLadder,Mon Jun 15 2015 21:16:32 GMT-0700 (Pacific Daylight Time),5
mages/ChainLadder,Tue Jul 19 2016 10:12:40 GMT-0700 (Pacific Daylight Time),9
mages/ChainLadder,Sun Dec 18 2016 10:20:13 GMT-0800 (Pacific Standard Time),13
mages/ChainLadder,Sun Nov 12 2017 04:30:22 GMT-0800 (Pacific Standard Time),17
mages/ChainLadder,Sat Mar 03 2018 03:47:25 GMT-0800 (Pacific Standard Time),21
mages/ChainLadder,Thu Jul 19 2018 20:01:34 GMT-0700 (Pacific Daylight Time),25
mages/ChainLadder,Tue Nov 20 2018 20:34:09 GMT-0800 (Pacific Standard Time),29
mages/ChainLadder,Wed May 29 2019 01:35:04 GMT-0700 (Pacific Daylight Time),33
mages/ChainLadder,Fri Aug 23 2019 12:05:46 GMT-0700 (Pacific Daylight Time),37
mages/ChainLadder,Tue Mar 31 2020 05:58:14 GMT-0700 (Pacific Daylight Time),41
mages/ChainLadder,Mon May 25 2020 12:51:22 GMT-0700 (Pacific Daylight Time),45
mages/ChainLadder,Wed Dec 09 2020 22:11:55 GMT-0800 (Pacific Standard Time),49
mages/ChainLadder,Tue Jul 20 2021 23:41:51 GMT-0700 (Pacific Daylight Time),53
mages/ChainLadder,Sat Mar 12 2022 12:03:42 GMT-0800 (Pacific Standard Time),57
mages/ChainLadder,Fri Oct 14 2022 10:49:30 GMT-0700 (Pacific Daylight Time),61
mages/ChainLadder,Wed Feb 22 2023 17:49:29 GMT-0800 (Pacific Standard Time),65
mages/ChainLadder,Mon Apr 03 2023 09:40:58 GMT-0700 (Pacific Daylight Time),66
